{
    "epoch": 1.3235294117647058,
    "eval_loss": 0.49950823187828064,
    "eval_runtime": 8.4446,
    "eval_samples_per_second": 88.577,
    "eval_steps_per_second": 2.842
}