{
    "epoch": 3.0,
    "eval_loss": 0.48277178406715393,
    "eval_runtime": 7.0583,
    "eval_samples_per_second": 105.974,
    "eval_steps_per_second": 6.659,
    "total_flos": 1.847215459926016e+16,
    "train_loss": 0.8154414047797521,
    "train_runtime": 260.0638,
    "train_samples_per_second": 39.879,
    "train_steps_per_second": 0.323
}