{
    "epoch": 3.0,
    "total_flos": 1.847215459926016e+16,
    "train_loss": 0.8154414047797521,
    "train_runtime": 260.0638,
    "train_samples_per_second": 39.879,
    "train_steps_per_second": 0.323
}