{
    "epoch": 3.0,
    "eval_loss": 0.47002995014190674,
    "eval_runtime": 7.5598,
    "eval_samples_per_second": 98.944,
    "eval_steps_per_second": 3.175,
    "total_flos": 2.510492787330253e+16,
    "train_loss": 0.7647516002842024,
    "train_runtime": 262.4774,
    "train_samples_per_second": 49.399,
    "train_steps_per_second": 0.389
}